tamanyo,distancia-trie,1,2,3,4,5
10000,dNo,0.07586805555555555,0.17335069444444448,0.2965277777777777,0.40468750000000003,0.47282986111111114
10000,dp_d_damerau_trieYes,0.41536458333333337,0.41354166666666664,0.41380208333333346,0.412673611111111,0.41467013888888893
10000,dp_i_damerau_trieYes,0.8756076388888889,0.8809895833333332,0.881684027777778,0.8794270833333335,0.8797743055555555
10000,dp_l_trieYes,0.2769965277777778,0.27578125000000003,0.27734374999999994,0.27638888888888896,0.27725694444444443
10000,iNo,0.09053819444444444,0.21171874999999998,0.3730034722222222,0.5218750000000001,0.6151041666666668
10000,lCotaNo,0.03524305555555555,0.05668402777777778,0.10104166666666667,0.21041666666666667,0.34288194444444453
10000,lNo,0.0720486111111111,0.15477430555555557,0.2525173611111111,0.34947916666666673,0.4125868055555556
